{
  "compilerOptions": {
    "outDir": "./types-dist",
    "target": "es2017",
    "module": "es2015",
    "moduleResolution": "node",
    "lib": [
      "es2015",
      "es2016",
      "es2017",
      "es2019",
      "DOM"
    ],
    "sourceMap": true,
    "declaration": true,
    "allowSyntheticDefaultImports": true,
    "esModuleInterop": true,
    "strict": true,
    "pretty": true,
    "stripInternal": true,
    "allowJs": true,
    "removeComments": false
  },
  "include": [
    "src/**/*.ts"
  ],
  "exclude": [
    "node_modules",
    "dist",
    "frontend",
    "**/*.test.ts"
  ]
}
